,JobId,EngineeringSoldkWSize,EngineeringSoldAnnualkWh,EnergyConsumption,State,RoofSqFoot,NumMountingPlanes,NumPanels,PowerwallCount,UtilityCostPerKWh,OldBill,UtilityRatePlanId,UtilityInflationRate,GasRatePlanID,AverageShading,Reroof,MPU,Status,yearly_sunlight_kwh_kw_threshold_avg,yearly_sunlight_kwh_n,yearly_sunlight_kwh_s,yearly_sunlight_kwh_e,yearly_sunlight_kwh_w,yearly_sunlight_kwh_f,yearly_sunlight_kwh_median,yearly_sunlight_kwh_total
0,JB-9723486-00,3.465,3806.009,8860.0,OR,1508.0,1,11,,0.113579,134.1167,20004.0,0.038,20400.0,0.12,0,0,1,924,6238761,23644489,12752183,18686293,40394672,16291,102536694
1,JB-9586828-00,13.86,18115.315,62233.0,CA,2518.0,4,44,,0.19372899999999998,1056.3469,300.0,0.028999999999999998,90.0,0.043636364000000004,0,1,1,1272,10311270,36405017,21915043,28379896,70625561,26721,167779217
2,JB-9586336-00,3.78,4887.0342,7464.0,CA,1980.0,3,12,,0.152606,146.5714,998504493.0,0.028999999999999998,90.0,0.170833333,0,0,1,1272,10311270,36405017,21915043,28379896,70625561,26721,167779217
3,JB-95615481-00,16.065,23229.5524,23834.0,CA,3155.0,3,51,,0.33029400000000003,704.0654,10.0,0.028999999999999998,90.0,0.008823529,0,0,1,1272,10311270,36405017,21915043,28379896,70625561,26721,167779217
4,JB-95615433-00,10.92,14676.4759,18131.0,CA,6512.0,2,42,,0.298678,499.3237,15.0,0.028999999999999998,90.0,0.008571429,0,0,1,1272,10311270,36405017,21915043,28379896,70625561,26721,167779217
5,JB-95615168-00,4.095,4089.573,6483.0,CA,,2,13,,0.203558,158.0187,10.0,0.028999999999999998,90.0,0.343076923,0,0,1,1272,10311270,36405017,21915043,28379896,70625561,26721,167779217
6,JB-9542846-00,6.5,8025.7797,8094.0,CA,3673.0,2,25,,0.18549300000000002,170.7077,46.0,0.028999999999999998,90.0,0.09304347800000001,0,1,1,1272,10311270,36405017,21915043,28379896,70625561,26721,167779217
7,JB-95312502-00,8.505,12196.6609,12409.0,CA,2976.0,2,27,,0.264252,321.3057,10.0,0.028999999999999998,90.0,0.0053125,0,0,1,1272,10311270,36405017,21915043,28379896,70625561,26721,167779217
8,JB-9525925-00,5.035,6701.9949,8706.0,CA,2515.0,3,19,,0.178033,177.2094,2601.0,0.028999999999999998,90.0,0.066842105,0,0,1,1272,10311270,36405017,21915043,28379896,70625561,26721,167779217
9,JB-9518007-00,3.19,4972.2416,6270.0,CA,2672.0,1,11,,0.21515,162.0934,10.0,0.028999999999999998,90.0,0.0,1,0,1,1272,10311270,36405017,21915043,28379896,70625561,26721,167779217
10,JB-9517772-00,6.76,9105.3562,6073.0,CA,3808.0,3,26,,0.22131199999999998,161.6801,10.0,0.028999999999999998,90.0,0.138461538,1,0,1,1272,10311270,36405017,21915043,28379896,70625561,26721,167779217
11,JB-9508126-00,12.285,17330.057,14083.0,CA,5085.0,3,39,,0.29732600000000003,396.2484,10.0,0.028999999999999998,90.0,0.050769231,0,0,1,1272,10311270,36405017,21915043,28379896,70625561,26721,167779217
12,JB-9492920-00,4.94,7258.3906,7737.0,CA,3313.0,1,19,,0.24043699999999998,202.3337,998504487.0,0.028999999999999998,90.0,0.03,0,0,1,1272,10311270,36405017,21915043,28379896,70625561,26721,167779217
13,JB-94525371-00,5.67,8232.756,7759.0,CA,2050.0,2,18,,0.213104,185.8362,10.0,0.028999999999999998,90.0,0.0,0,0,1,1272,10311270,36405017,21915043,28379896,70625561,26721,167779217
14,JB-94525036-00,3.12,4796.0282,5782.0,CA,2687.0,1,12,,0.204045,145.6279,10.0,0.028999999999999998,90.0,0.07,0,0,1,1272,10311270,36405017,21915043,28379896,70625561,26721,167779217
15,JB-943712-00,3.78,4564.8981,3232.0,CA,2360.0,1,12,,0.18353,96.7428,998504487.0,0.028999999999999998,90.0,0.25,0,0,1,1272,10311270,36405017,21915043,28379896,70625561,26721,167779217
16,JB-9377171-00,4.42,6145.4131,6179.0,CA,,1,17,,0.228446,165.6774,10.0,0.028999999999999998,90.0,0.0,0,0,1,1272,10311270,36405017,21915043,28379896,70625561,26721,167779217
17,JB-9377080-00,5.2,7962.6714,7893.0,CA,3085.0,1,20,,0.204619,182.6349,10.0,0.028999999999999998,90.0,0.06,0,0,1,1272,10311270,36405017,21915043,28379896,70625561,26721,167779217
18,JB-9376414-00,9.36,10211.3899,10468.0,CA,2823.0,2,36,,0.24950799999999998,265.7006,10.0,0.028999999999999998,90.0,0.21916666699999998,0,1,1,1272,10311270,36405017,21915043,28379896,70625561,26721,167779217
19,JB-92512141-00,11.96,17779.8213,18021.0,CA,3424.0,1,46,,0.242077,411.5859,200.0,0.028999999999999998,90.0,0.01,0,0,1,1272,10311270,36405017,21915043,28379896,70625561,26721,167779217
20,JB-92512000-00,3.38,5426.3984,7011.0,CA,1779.0,1,13,,0.183319,155.1507,200.0,0.028999999999999998,90.0,0.0,0,0,1,1272,10311270,36405017,21915043,28379896,70625561,26721,167779217
21,JB-85711381-00,7.54,11101.8507,12372.0,AZ,2211.0,3,29,,0.125626,187.4399,10304.0,0.035,10800.0,0.003793103,0,0,1,1380,9077329,55332768,30873238,44060559,97005968,23700,236349864
22,JB-85711349-00,8.32,13414.605,13843.0,AZ,1898.0,1,32,,0.124223,201.2214,10304.0,0.035,10800.0,0.0,0,0,1,1380,9077329,55332768,30873238,44060559,97005968,23700,236349864
23,JB-85711149-00,6.3,6945.7718,10579.0,AZ,3266.0,1,20,,0.1255,168.5582,10304.0,0.035,10800.0,0.29,0,1,1,1380,9077329,55332768,30873238,44060559,97005968,23700,236349864
24,JB-85710550-00,5.83,7876.848000000001,13876.0,AZ,4080.0,3,22,,0.123423,200.6377,10304.0,0.035,10800.0,0.134545455,0,0,1,1380,9077329,55332768,30873238,44060559,97005968,23700,236349864
25,JB-8515555-00,6.5,9806.5233,9814.0,AZ,2241.0,1,25,,0.157797,129.05200000000002,10000.0,0.035,40003.0,0.04,0,0,1,1380,9077329,55332768,30873238,44060559,97005968,23700,236349864
26,JB-8515522-00,4.42,6611.9272,6683.0,AZ,2048.0,1,17,,0.156157,146.0058,10000.0,0.035,10800.0,0.00625,0,0,1,1380,9077329,55332768,30873238,44060559,97005968,23700,236349864
27,JB-7612215-00,10.4,11638.5966,18696.0,TX,2573.0,3,40,,0.130556,256.2393,998504338.0,0.019,49601.0,0.16399999999999998,0,0,1,1136,10270350,31300405,17162342,24356905,68831914,21421,152119732
28,JB-7602918-00,8.06,10895.4147,13630.0,TX,2228.0,2,31,,0.136676,208.0739,998504338.0,0.019,49601.0,1.11e-16,0,0,1,1136,10270350,31300405,17162342,24356905,68831914,21421,152119732
29,JB-7511059-00,9.88,9913.7115,18068.0,TX,3600.0,3,38,,0.226433,393.7659,998504338.0,0.019,49601.0,0.290526316,0,1,1,1136,10270350,31300405,17162342,24356905,68831914,21421,152119732
30,JB-347455-00,6.24,9467.3517,16080.0,FL,3584.0,2,24,,0.12363699999999998,222.6519,998504540.0,0.028999999999999998,49601.0,0.0,0,0,1,1159,14168656,31946641,21669323,26832841,61352654,28566,156202561
31,JB-2181253-00,13.26,15498.0419,15446.0,MD,1387.0,2,51,,0.141491,238.407,9991227.0,0.057,100099.0,0.005531915,0,0,1,1032,1945623,11483664,7355643,7418428,36403006,25505,65556459
32,JB-2161429-00,11.96,10831.3453,20117.0,MD,3351.0,3,46,,0.140368,235.3154,9991227.0,0.057,40003.0,0.210869565,0,0,1,1032,1945623,11483664,7355643,7418428,36403006,25505,65556459
33,JB-2161425-00,10.4,11983.555,12060.0,MD,3762.0,3,40,,0.143777,144.4964,9991227.0,0.057,40003.0,0.013999999999999999,0,0,1,1032,1945623,11483664,7355643,7418428,36403006,25505,65556459
34,JB-2093237-00,5.6,5567.5719,5872.0,MD,1728.0,1,20,,0.159355,134.2617,9991238.0,0.057,100099.0,0.226363636,0,0,1,1032,1945623,11483664,7355643,7418428,36403006,25505,65556459
35,JB-2093128-00,3.15,4447.9478,27262.0,MD,1236.0,1,10,,0.142652,380.3657,9991238.0,0.057,100099.0,0.02,0,0,1,1032,1945623,11483664,7355643,7418428,36403006,25505,65556459
36,JB-180638-00,6.76,7644.4705,10240.0,PA,1763.0,3,26,,0.130302,459.3248,9991700.0,0.0337,998504099.0,0.074615385,0,0,1,972,1992356,8701838,5678962,5876264,23098142,18162,45518365
37,JB-152541-00,2.6,2439.0488,2547.0,PA,927.0,2,10,,0.20481100000000002,391.605,9991698.0,0.0337,998504099.0,0.08,0,0,1,972,1992356,8701838,5678962,5876264,23098142,18162,45518365
38,JB-150085-00,2.08,1878.6981,4606.0,PA,1576.0,1,8,,0.176179,415.7572,9991698.0,0.0337,998504099.0,0.2,0,0,1,972,1992356,8701838,5678962,5876264,23098142,18162,45518365
39,JB-1093743-00,9.36,7853.8446,7870.0,NY,1928.0,2,36,,0.192011,194.0528,9991621.0,0.033,998467098.0,0.192,0,0,1,980,1377676,8972284,5414671,6065895,27207697,16549,49177144
40,JB-0661320-00,3.64,3382.9112,3432.0,CT,1124.0,1,14,,0.321803,161.0841,999467.0,0.054000000000000006,49601.0,0.09,0,0,1,994,800861,9855981,6130884,5974726,23119290,22457,46118246
41,JB-0644139-00,5.72,6173.7327,6267.0,CT,3199.0,1,22,,0.24,177.1384,40370.0,0.054000000000000006,49601.0,0.08,1,0,1,994,800861,9855981,6130884,5974726,23119290,22457,46118246
42,JB-0611532-00,4.68,4787.1589,9120.0,CT,1434.0,1,18,,0.18867,195.1874,999454.0,0.054000000000000006,49601.0,0.19,0,0,1,994,800861,9855981,6130884,5974726,23119290,22457,46118246
43,JB-0542071-00,4.42,3694.7833,4200.0,VT,1055.0,1,17,,0.203097,122.8823,998504368.0,0.028999999999999998,49601.0,0.18,0,0,1,950,678899,6315893,3821598,3795436,26967757,17827,41579584
44,JB-0102440-00,5.2,5300.5429,5233.0,MA,1403.0,3,20,,0.202488,140.0999,9991205.0,0.04,49601.0,0.01,0,0,1,979,629193,9109806,5364903,4973756,26668790,14817,46894852
45,JB-0102416-00,6.93,5680.3965,7445.0,MA,1879.0,2,22,,0.196172,173.5067,9991205.0,0.04,49601.0,0.23800000000000002,0,0,1,979,629193,9109806,5364903,4973756,26668790,14817,46894852
46,JB-9702786-00,4.16,4494.4743,9541.0,OR,3045.0,1,16,,0.230143,233.2403,20000.0,0.038,20400.0,0.07,0,0,1,924,6238761,23644489,12752183,18686293,40394672,16291,102536694
47,JB-9596872-00,5.3,6317.965,5749.0,CA,,3,20,,0.208375,147.8756,10.0,0.028999999999999998,90.0,0.036000000000000004,0,0,1,1272,10311270,36405017,21915043,28379896,70625561,26721,167779217
48,JB-9586943-00,9.135,11971.451000000001,12726.0,CA,2891.0,2,29,,0.150159,210.8937,300.0,0.028999999999999998,90.0,0.033333333,0,0,1,1272,10311270,36405017,21915043,28379896,70625561,26721,167779217
49,JB-9586808-00,11.97,14903.6721,36861.0,CA,1832.0,5,38,,0.191685,640.46,300.0,0.028999999999999998,90.0,0.10736842099999999,0,0,1,1272,10311270,36405017,21915043,28379896,70625561,26721,167779217
50,JB-95615312-00,7.29,11629.5599,11836.0,CA,4339.0,1,27,,0.143698,190.9823,300.0,0.028999999999999998,90.0,0.0,0,0,1,1272,10311270,36405017,21915043,28379896,70625561,26721,167779217
51,JB-95615205-00,4.16,5165.6408,5385.0,CA,1779.0,2,16,,0.193918,135.0672,10.0,0.028999999999999998,90.0,0.1325,1,0,1,1272,10311270,36405017,21915043,28379896,70625561,26721,167779217
52,JB-95615197-00,13.77,17148.3061,21744.0,CA,2417.0,2,51,,0.326307,639.3145,10.0,0.028999999999999998,90.0,0.030689655,0,0,1,1272,10311270,36405017,21915043,28379896,70625561,26721,167779217
53,JB-9542921-00,10.92,16760.063000000002,17129.0,CA,4106.0,1,42,,0.35740900000000003,559.8499,10.0,0.028999999999999998,90.0,0.01,0,0,1,1272,10311270,36405017,21915043,28379896,70625561,26721,167779217
54,JB-95312445-00,4.94,6886.0014,6991.0,CA,3181.0,2,19,,0.251977,194.8441,10.0,0.028999999999999998,90.0,0.021176471000000002,0,0,1,1272,10311270,36405017,21915043,28379896,70625561,26721,167779217
55,JB-95312179-00,10.07,14510.8126,15434.0,CA,3244.0,3,38,,0.17918499999999998,278.5089,4901.0,0.028999999999999998,90.0,0.006153846,0,0,1,1272,10311270,36405017,21915043,28379896,70625561,26721,167779217
56,JB-95311634-00,8.58,13972.7516,10869.0,CA,3898.0,1,33,,0.24546700000000002,270.3786,10.0,0.028999999999999998,90.0,0.0,0,0,1,1272,10311270,36405017,21915043,28379896,70625561,26721,167779217
57,JB-9518047-00,2.6,3888.7940000000003,3663.0,CA,2439.0,1,10,,0.198122,110.1545,10.0,0.028999999999999998,90.0,0.02,0,0,1,1272,10311270,36405017,21915043,28379896,70625561,26721,167779217
58,JB-9481339-00,5.985,8541.9195,10716.0,CA,2879.0,2,19,,0.318023,333.2569,10.0,0.028999999999999998,90.0,0.0,0,0,1,1272,10311270,36405017,21915043,28379896,70625561,26721,167779217
59,JB-9481325-00,7.245,8460.6411,12397.0,CA,3154.0,2,23,,0.348111,411.236,10.0,0.028999999999999998,90.0,0.097391304,0,0,1,1272,10311270,36405017,21915043,28379896,70625561,26721,167779217
60,JB-94525417-00,8.19,12479.3415,11587.0,CA,3189.0,2,26,,0.28857,327.8425,10.0,0.028999999999999998,90.0,0.003846154,0,0,1,1272,10311270,36405017,21915043,28379896,70625561,26721,167779217
61,JB-94525333-00,5.04,5385.8082,6119.0,CA,1868.0,1,16,,0.212666,155.7542,10.0,0.028999999999999998,90.0,0.34,0,0,1,1272,10311270,36405017,21915043,28379896,70625561,26721,167779217
62,JB-94525157-00,5.46,7980.8789,8318.0,CA,1907.0,2,21,,0.24153000000000002,217.3349,10.0,0.028999999999999998,90.0,0.04,0,0,1,1272,10311270,36405017,21915043,28379896,70625561,26721,167779217
63,JB-94524730-00,3.465,4520.0462,5541.0,CA,3214.0,2,11,,0.212905,148.2231,10.0,0.028999999999999998,90.0,0.015454545,0,0,1,1272,10311270,36405017,21915043,28379896,70625561,26721,167779217
64,JB-94524527-00,6.36,8633.3509,9400.0,CA,1837.0,2,24,,0.263343,253.5975,10.0,0.028999999999999998,90.0,0.0575,0,0,1,1272,10311270,36405017,21915043,28379896,70625561,26721,167779217
65,JB-94523763-00,7.56,8716.1716,8981.0,CA,2305.0,3,24,,0.240459,228.0102,10.0,0.028999999999999998,90.0,0.208235294,0,0,1,1272,10311270,36405017,21915043,28379896,70625561,26721,167779217
66,JB-9395401-00,7.8,10270.4534,10273.0,CA,,2,30,,0.255153,265.3484,10.0,0.028999999999999998,90.0,0.013214286,0,0,1,1272,10311270,36405017,21915043,28379896,70625561,26721,167779217
67,JB-9377232-00,6.5,8749.2876,10018.0,CA,2196.0,2,25,,0.246928,254.1903,10.0,0.028999999999999998,90.0,0.0,0,0,1,1272,10311270,36405017,21915043,28379896,70625561,26721,167779217
68,JB-9368602-00,4.16,4316.117,10914.0,CA,2269.0,3,16,,0.235422,262.1634,10.0,0.028999999999999998,90.0,0.23125,0,0,1,1272,10311270,36405017,21915043,28379896,70625561,26721,167779217
69,JB-9355427-00,5.3,9171.614,8990.0,CA,5543.0,1,20,,0.213677,210.5291,200.0,0.028999999999999998,90.0,0.0,0,0,1,1272,10311270,36405017,21915043,28379896,70625561,26721,167779217
70,JB-93310713-00,3.12,4097.705,4214.0,CA,2660.0,2,12,,0.210821,122.08,10.0,0.028999999999999998,90.0,0.07200000000000001,0,0,1,1272,10311270,36405017,21915043,28379896,70625561,26721,167779217
71,JB-93310645-00,5.67,8668.2681,8789.0,CA,3308.0,2,18,,0.21870599999999998,208.2309,10.0,0.028999999999999998,90.0,0.006666666999999999,0,0,1,1272,10311270,36405017,21915043,28379896,70625561,26721,167779217
72,JB-93211316-00,5.83,10059.2584,10080.0,CA,,1,22,,0.19946,215.5928,200.0,0.028999999999999998,90.0,0.0,0,0,1,1272,10311270,36405017,21915043,28379896,70625561,26721,167779217
73,JB-93211309-00,5.3,8031.41,8206.0,CA,4278.0,2,20,,0.187301,176.1292,200.0,0.028999999999999998,90.0,0.0035,0,0,1,1272,10311270,36405017,21915043,28379896,70625561,26721,167779217
74,JB-9272074-00,5.565,7035.4883,7754.0,CA,1621.0,2,21,,0.217877,185.8029,200.0,0.028999999999999998,490.0,0.15,1,1,1,1272,10311270,36405017,21915043,28379896,70625561,26721,167779217
75,JB-9269960-00,8.19,11520.2763,13643.0,CA,2217.0,4,26,,0.242684,318.381,200.0,0.028999999999999998,490.0,0.005,0,0,1,1272,10311270,36405017,21915043,28379896,70625561,26721,167779217
76,JB-9269783-00,10.6,14599.0441,13421.0,CA,2725.0,2,40,,0.318335,398.5013,998504494.0,0.028999999999999998,490.0,0.057,1,0,1,1272,10311270,36405017,21915043,28379896,70625561,26721,167779217
77,JB-92610538-00,4.41,7046.8493,6966.0,CA,2798.0,1,14,,0.209169,166.0158,200.0,0.028999999999999998,490.0,0.0,0,0,1,1272,10311270,36405017,21915043,28379896,70625561,26721,167779217
78,JB-92610104-00,4.77,7109.3715,7443.0,CA,2307.0,2,18,,0.181451,155.0151,217.0,0.028999999999999998,490.0,0.013333333000000001,0,0,1,1272,10311270,36405017,21915043,28379896,70625561,26721,167779217
79,JB-92512111-00,5.2,8594.0206,8820.0,CA,2285.0,1,20,,0.196143,192.21200000000002,200.0,0.028999999999999998,90.0,0.0,0,0,1,1272,10311270,36405017,21915043,28379896,70625561,26721,167779217
80,JB-92512053-00,2.86,4810.0647,4982.0,CA,3218.0,1,11,,0.175875,121.0643,200.0,0.028999999999999998,90.0,0.01,0,0,1,1272,10311270,36405017,21915043,28379896,70625561,26721,167779217
81,JB-92510680-00,10.335,13822.6917,14323.0,CA,2218.0,2,39,,0.23222600000000002,325.2284,200.0,0.028999999999999998,90.0,0.083333333,0,1,1,1272,10311270,36405017,21915043,28379896,70625561,26721,167779217
82,JB-9238234-00,13.545,18157.1045,18317.0,CA,3696.0,4,43,,0.253695,437.2127,200.0,0.028999999999999998,90.0,0.075813953,0,1,1,1272,10311270,36405017,21915043,28379896,70625561,26721,167779217
83,JB-9237645-00,4.845,8395.2478,8587.0,CA,2569.0,1,19,,0.205945,197.3395,200.0,0.028999999999999998,90.0,0.0,0,0,1,1272,10311270,36405017,21915043,28379896,70625561,26721,167779217
84,JB-9218096-00,1.855,2965.2740000000003,12000.0,CA,2079.0,1,7,,0.332919,377.8433,400.0,0.028999999999999998,490.0,0.0,0,1,1,1272,10311270,36405017,21915043,28379896,70625561,26721,167779217
85,JB-92110658-00,3.12,3598.5551,3336.0,CA,1630.0,2,12,,0.204487,101.7722,998504494.0,0.028999999999999998,490.0,0.23,0,0,1,1272,10311270,36405017,21915043,28379896,70625561,26721,167779217
86,JB-92014680-00,4.94,6519.7247,6937.0,CA,2213.0,2,19,,0.24864299999999998,186.2062,998504494.0,0.028999999999999998,490.0,0.0063157890000000005,0,0,1,1272,10311270,36405017,21915043,28379896,70625561,26721,167779217
87,JB-92014524-00,6.615,11095.3604,10111.0,CA,4515.0,1,21,,0.264094,264.9909,998504494.0,0.028999999999999998,490.0,0.02,0,0,1,1272,10311270,36405017,21915043,28379896,70625561,26721,167779217
88,JB-92014454-00,6.3,9442.0008,8301.0,CA,1913.0,3,20,,0.27808499999999997,234.8355,998504494.0,0.028999999999999998,490.0,0.0255,0,0,1,1272,10311270,36405017,21915043,28379896,70625561,26721,167779217
89,JB-91713053-00,12.48,19770.6843,21886.0,CA,2917.0,4,48,,0.250902,505.6503,200.0,0.028999999999999998,90.0,0.009375,0,0,1,1272,10311270,36405017,21915043,28379896,70625561,26721,167779217
90,JB-91712854-00,4.68,6452.9317,8023.0,CA,3495.0,2,18,,0.202628,185.9231,200.0,0.028999999999999998,90.0,0.13,0,0,1,1272,10311270,36405017,21915043,28379896,70625561,26721,167779217
91,JB-91712690-00,6.615,9478.6421,18298.0,CA,1597.0,2,21,,0.243887,419.9344,200.0,0.028999999999999998,90.0,0.04,0,0,1,1272,10311270,36405017,21915043,28379896,70625561,26721,167779217
92,JB-91314056-00,3.12,4633.0805,5031.0,CA,1497.0,1,12,,0.185541,128.2373,200.0,0.028999999999999998,90.0,0.02,0,1,1,1272,10311270,36405017,21915043,28379896,70625561,26721,167779217
93,JB-91311521-00,8.32,13141.0014,18409.0,CA,2844.0,2,32,,0.185095,334.4008,998504373.0,0.028999999999999998,90.0,0.0,0,0,1,1272,10311270,36405017,21915043,28379896,70625561,26721,167779217
94,JB-9082584-00,7.8,10899.448,10803.0,CA,2159.0,4,30,,0.241191,267.5813,200.0,0.028999999999999998,90.0,0.0,0,0,1,1272,10311270,36405017,21915043,28379896,70625561,26721,167779217
95,JB-9064093-00,5.2,7566.2333,8900.0,CA,1613.0,2,20,,0.225899,211.2858,200.0,0.028999999999999998,490.0,0.03,0,0,1,1272,10311270,36405017,21915043,28379896,70625561,26721,167779217
96,JB-9025541-00,3.12,4153.0203,6087.0,CA,1264.0,2,12,,0.203179,154.4724,200.0,0.028999999999999998,90.0,0.01,0,0,1,1272,10311270,36405017,21915043,28379896,70625561,26721,167779217
97,JB-90010241-00,2.65,3576.6157,4194.0,CA,3036.0,1,10,,0.16508699999999998,110.5494,100.0,0.028999999999999998,90.0,0.02,0,0,1,1272,10311270,36405017,21915043,28379896,70625561,26721,167779217
98,JB-89112999-00,8.06,11871.3891,13179.0,NV,,2,31,,0.136562,204.3679,80001.0,0.028999999999999998,49601.0,0.0,0,0,1,1370,2204720,40143398,24896132,28924077,58578018,20591,154746347
99,JB-89112046-00,9.54,14318.4859,15168.0,NV,2159.0,2,36,,0.141075,232.707,80001.0,0.028999999999999998,49601.0,0.0044444440000000005,0,0,1,1370,2204720,40143398,24896132,28924077,58578018,20591,154746347
9614,JB-2078909-00,10.14,12215.7825,22243.0,MD,2865.0,4,39,,0.183,395.4898,40313.0,0.057,100099.0,0.084102564,1,0,1,1032,1945623,11483664,7355643,7418428,36403006,25505,65556459
9615,JB-20713572-00,17.08,18373.4189,19980.0,MD,1562.0,4,61,,0.149009,304.3842,9991238.0,0.057,100099.0,0.08459016400000001,0,0,1,1032,1945623,11483664,7355643,7418428,36403006,25505,65556459
9616,JB-20713513-00,10.92,12306.4,12331.0,MD,1781.0,2,39,,0.153411,213.9261,9991238.0,0.057,100099.0,0.02125,0,0,1,1032,1945623,11483664,7355643,7418428,36403006,25505,65556459
9617,JB-20713499-00,7.84,8743.9067,8989.0,MD,1868.0,3,28,,0.15517,172.5191,9991238.0,0.057,100099.0,0.049615385,0,0,1,1032,1945623,11483664,7355643,7418428,36403006,25505,65556459
9618,JB-20713449-00,4.48,5060.1532,6933.0,MD,911.0,1,16,,0.151284,143.6884,9991238.0,0.057,100099.0,0.15,0,0,1,1032,1945623,11483664,7355643,7418428,36403006,25505,65556459
9619,JB-20713391-00,7.0,5729.8857,21755.0,MD,2041.0,3,25,,0.14253,314.6781,9991239.0,0.057,100099.0,0.3088,0,0,1,1032,1945623,11483664,7355643,7418428,36403006,25505,65556459
9620,JB-20713352-00,10.92,11412.1681,22291.0,MD,1337.0,2,39,,0.14868599999999998,332.4808,9991221.0,0.057,100099.0,0.051282050999999995,0,0,1,1032,1945623,11483664,7355643,7418428,36403006,25505,65556459
9621,JB-20713310-00,4.48,5751.0166,21591.0,MD,1280.0,1,16,,0.143822,315.0549,9991239.0,0.057,100099.0,0.01,0,0,1,1032,1945623,11483664,7355643,7418428,36403006,25505,65556459
9622,JB-20713286-00,16.52,17558.9294,17557.0,MD,4548.0,4,59,,0.150481,276.4508,9991221.0,0.057,100099.0,0.045254237,0,0,1,1032,1945623,11483664,7355643,7418428,36403006,25505,65556459
9623,JB-20713257-00,11.76,12468.5045,12636.0,MD,1404.0,2,42,,0.149634,213.8481,9991238.0,0.057,100099.0,0.16,0,0,1,1032,1945623,11483664,7355643,7418428,36403006,25505,65556459
9624,JB-20713135-00,9.8,10459.9937,11000.0,MD,1763.0,2,35,,0.15102000000000002,194.7193,9991238.0,0.057,100099.0,0.025142857,0,0,1,1032,1945623,11483664,7355643,7418428,36403006,25505,65556459
9625,JB-20713064-00,5.04,5222.5164,5275.0,MD,1117.0,2,18,,0.159151,126.2441,9991238.0,0.057,100099.0,0.146666667,0,0,1,1032,1945623,11483664,7355643,7418428,36403006,25505,65556459
9626,JB-20712989-00,5.04,7215.3664,19904.0,MD,1291.0,1,18,,0.149037,303.4862,9991221.0,0.057,100099.0,0.01,0,0,1,1032,1945623,11483664,7355643,7418428,36403006,25505,65556459
9627,JB-20712846-00,7.0,7052.6065,23134.0,MD,1309.0,2,25,,0.14841600000000002,342.4052,9991221.0,0.057,100099.0,0.1936,0,0,1,1032,1945623,11483664,7355643,7418428,36403006,25505,65556459
9628,JB-20712721-00,8.4,9375.7032,18278.0,MD,1081.0,2,30,,0.14471199999999998,276.7046,9991238.0,0.057,100099.0,0.0,0,1,1,1032,1945623,11483664,7355643,7418428,36403006,25505,65556459
9629,JB-20712716-00,19.6,17735.7229,21161.0,MD,4267.0,4,70,,0.139043,301.4753,9991241.0,0.057,100099.0,0.048857143,0,0,1,1032,1945623,11483664,7355643,7418428,36403006,25505,65556459
9630,JB-20712070-00,2.24,1877.1847,13440.0,MD,1542.0,1,8,,0.147293,221.2526,9991238.0,0.057,100099.0,0.18,0,0,1,1032,1945623,11483664,7355643,7418428,36403006,25505,65556459
9631,JB-20711593-00,8.06,9387.9517,9496.0,MD,2347.0,2,31,,0.15424100000000002,178.3404,9991238.0,0.057,100099.0,0.0,0,0,1,1032,1945623,11483664,7355643,7418428,36403006,25505,65556459
9632,JB-2064857-00,4.48,5488.996,10717.0,MD,738.0,2,16,,0.14534,186.0849,9991241.0,0.057,100099.0,0.0,0,0,1,1032,1945623,11483664,7355643,7418428,36403006,25505,65556459
9633,JB-2064796-00,9.52,12536.3285,12488.0,MD,3152.0,1,34,,0.15087,221.8896,9991241.0,0.057,100099.0,0.026666667,0,0,1,1032,1945623,11483664,7355643,7418428,36403006,25505,65556459
9634,JB-2064613-00,8.84,10618.0147,10789.0,MD,2676.0,3,34,,0.14375,185.5269,9991241.0,0.057,100099.0,0.041764706,0,0,1,1032,1945623,11483664,7355643,7418428,36403006,25505,65556459
9635,JB-1992908-00,8.32,9560.9769,12395.0,DE,3637.0,3,32,,0.12493499999999999,180.8459,998504379.0,0.043,49601.0,0.09875,0,0,1,1038,1817627,10935661,6855707,7762454,19204844,16646,46576295
9636,JB-1992622-00,3.38,2707.7086,13070.0,DE,1400.0,1,13,,0.11841600000000001,180.7737,998504550.0,0.043,49601.0,0.17,0,0,1,1038,1817627,10935661,6855707,7762454,19204844,16646,46576295
9637,JB-1972228-00,10.36,11548.6989,11547.0,DE,1614.0,3,37,,0.129492,176.4022,999475.0,0.043,49601.0,0.050540540999999994,0,0,1,1038,1817627,10935661,6855707,7762454,19204844,16646,46576295
9638,JB-1941232-00,7.0,9813.4047,9852.0,PA,2221.0,1,25,,0.160638,480.0178,9991702.0,0.0337,998504099.0,0.01,0,0,1,972,1992356,8701838,5678962,5876264,23098142,18162,45518365
9639,JB-193702-00,10.14,11805.8941,18345.0,PA,3615.0,2,39,,0.159527,600.4615,40048.0,0.0337,998504099.0,0.094615385,0,0,1,972,1992356,8701838,5678962,5876264,23098142,18162,45518365
9640,JB-1931157-00,8.58,9854.9529,15185.0,PA,802.0,2,33,,0.157032,546.8447,998504477.0,0.0337,998504099.0,0.0,0,0,1,972,1992356,8701838,5678962,5876264,23098142,18162,45518365
9641,JB-1902725-00,8.4,8388.7322,10372.0,PA,2276.0,3,30,,0.154373,481.5639,9991702.0,0.0337,998504099.0,0.01,0,0,1,972,1992356,8701838,5678962,5876264,23098142,18162,45518365
9642,JB-1902609-00,5.04,4124.5917,11589.0,PA,2219.0,1,18,,0.159099,501.7838,9991702.0,0.0337,998504099.0,0.43869565200000005,0,0,1,972,1992356,8701838,5678962,5876264,23098142,18162,45518365
9643,JB-1902306-00,5.985,7891.6271,9688.0,PA,1207.0,1,19,,0.170122,485.47900000000004,9991702.0,0.0337,998504099.0,0.01,0,0,1,972,1992356,8701838,5678962,5876264,23098142,18162,45518365
9644,JB-189528-00,8.84,11190.7897,12548.0,PA,2664.0,4,34,,0.160744,524.6483,9991702.0,0.0337,998504099.0,0.044705882,0,0,1,972,1992356,8701838,5678962,5876264,23098142,18162,45518365
9645,JB-180763-00,6.44,7070.7621,11796.0,PA,1588.0,1,23,,0.13497,480.8094,9991710.0,0.0337,998504099.0,0.03,0,0,1,972,1992356,8701838,5678962,5876264,23098142,18162,45518365
9646,JB-180761-00,8.4,9708.0156,16043.0,PA,2618.0,3,30,,0.12595699999999999,516.5279,9991700.0,0.0337,998504099.0,0.024,0,0,1,972,1992356,8701838,5678962,5876264,23098142,18162,45518365
9647,JB-175471-00,8.84,9616.7492,10403.0,PA,2232.0,2,34,,0.134984,465.1535,9991710.0,0.0337,998504099.0,0.0,0,0,1,972,1992356,8701838,5678962,5876264,23098142,18162,45518365
9648,JB-175463-00,8.82,8651.2589,14920.0,PA,3661.0,5,28,,0.13613699999999998,517.3978,9991710.0,0.0337,998504099.0,0.404242424,0,0,1,972,1992356,8701838,5678962,5876264,23098142,18162,45518365
9649,JB-173419-00,3.64,4062.3792,4356.0,PA,1007.0,1,13,,0.146527,401.3233,9991700.0,0.0337,998504099.0,0.09,0,0,1,972,1992356,8701838,5678962,5876264,23098142,18162,45518365
9650,JB-170887-00,10.4,11852.7339,12054.0,PA,3336.0,2,40,,0.128494,477.2063,9991700.0,0.0337,998504099.0,0.155,0,0,1,972,1992356,8701838,5678962,5876264,23098142,18162,45518365
9651,JB-170662-00,6.24,7054.3506,9048.0,PA,2012.0,3,24,,0.13408,449.2306,9991710.0,0.0337,998504099.0,0.124545455,0,0,1,972,1992356,8701838,5678962,5876264,23098142,18162,45518365
9652,JB-1701036-00,19.04,20468.9532,25321.0,PA,3030.0,4,68,,0.138241,639.8343,9991710.0,0.0337,998504099.0,0.062058824000000005,0,0,1,972,1992356,8701838,5678962,5876264,23098142,18162,45518365
9653,JB-152930-00,5.32,5919.0186,6044.0,PA,4010.0,1,19,,0.16878800000000002,85.0128,9991698.0,0.0337,40003.0,0.092692308,0,0,1,972,1992356,8701838,5678962,5876264,23098142,18162,45518365
9654,JB-1521222-00,12.6,12102.4445,15850.0,PA,3809.0,2,45,,0.149342,545.3898,9991698.0,0.0337,998504099.0,0.159148936,0,0,1,972,1992356,8701838,5678962,5876264,23098142,18162,45518365
9655,JB-1521083-00,13.44,13425.8471,13652.0,PA,1912.0,2,48,,0.15274300000000002,521.9041,9991698.0,0.0337,998504099.0,0.007169811,0,0,1,972,1992356,8701838,5678962,5876264,23098142,18162,45518365
9656,JB-151707-00,6.72,6948.596,7560.0,PA,1567.0,2,24,,0.1609,449.5012,9991698.0,0.0337,998504099.0,0.04,0,0,1,972,1992356,8701838,5678962,5876264,23098142,18162,45518365
9657,JB-151547-00,7.02,8209.4049,9002.0,PA,3294.0,2,27,,0.158905,119.2051,9991698.0,0.0337,40003.0,0.024583333,0,0,1,972,1992356,8701838,5678962,5876264,23098142,18162,45518365
9658,JB-151368-00,9.1,9231.9055,9267.0,PA,1766.0,2,35,,0.158322,470.3982,9991698.0,0.0337,998504099.0,0.007894736999999999,0,0,1,972,1992356,8701838,5678962,5876264,23098142,18162,45518365
9659,JB-151362-00,9.62,11923.6005,12733.0,PA,2210.0,1,37,,0.138714,495.3213,998504486.0,0.0337,998504099.0,0.0,0,0,1,972,1992356,8701838,5678962,5876264,23098142,18162,45518365
9660,JB-135121-00,3.64,4252.5955,4431.0,NY,2087.0,1,13,,0.145677,121.9171,998504445.0,0.033,998467098.0,0.0,1,0,1,980,1377676,8972284,5414671,6065895,27207697,16549,49177144
9661,JB-126583-00,8.19,9183.3035,11531.0,NY,3041.0,2,26,,0.148946,211.2506,9991558.0,0.048,998467098.0,0.038461537999999997,0,0,1,980,1377676,8972284,5414671,6065895,27207697,16549,49177144
9662,JB-1254346-00,10.8,10942.6348,12175.0,NY,1521.0,2,36,,0.147625,217.9037,9991558.0,0.048,998467098.0,0.135555556,0,0,1,980,1377676,8972284,5414671,6065895,27207697,16549,49177144
9663,JB-1254288-00,8.68,8460.8627,8767.0,NY,2919.0,2,31,,0.142741,172.4099,998504443.0,0.033,998467098.0,0.151935484,0,0,1,980,1377676,8972284,5414671,6065895,27207697,16549,49177144
9664,JB-1241292-00,5.985,6776.8256,6230.0,NY,1692.0,1,19,,0.170198,156.4869,9991558.0,0.048,998467098.0,0.04,0,1,1,980,1377676,8972284,5414671,6065895,27207697,16549,49177144
9665,JB-1212623-00,10.14,9669.5911,11409.0,NY,1920.0,6,39,,0.133499,195.0497,998504446.0,0.033,998467098.0,0.084358974,0,0,1,980,1377676,8972284,5414671,6065895,27207697,16549,49177144
9666,JB-1179309-00,8.68,10642.2225,12644.0,NY,1601.0,4,31,,0.183701,261.685,9991586.0,0.033,998467098.0,0.037333332999999996,0,0,1,980,1377676,8972284,5414671,6065895,27207697,16549,49177144
9667,JB-1179309-00,8.68,10642.2225,12644.0,NY,1601.0,4,31,,0.183701,261.685,9991586.0,0.033,998467098.0,0.037333332999999996,0,0,1,980,1377676,8972284,5414671,6065895,27207697,16549,49177144
9668,JB-1179197-00,19.6,15710.0362,26361.0,NY,,2,70,,0.17005,441.6831,9991596.0,0.033,998467098.0,0.235428571,1,0,1,980,1377676,8972284,5414671,6065895,27207697,16549,49177144
9669,JB-1179097-00,6.89,5653.6109,24720.0,NY,1349.0,3,26,,0.179151,437.1774,9991586.0,0.033,998467098.0,0.438928571,0,0,1,980,1377676,8972284,5414671,6065895,27207697,16549,49177144
9670,JB-1178004-00,3.64,4082.1638,12614.0,NY,1832.0,1,14,,0.182,259.4381,40312.0,0.033,998467098.0,0.2,0,0,1,980,1377676,8972284,5414671,6065895,27207697,16549,49177144
9671,JB-103649-00,10.08,8644.3013,10411.0,NY,1267.0,3,32,,0.212281,252.2972,9991570.0,0.033,998467098.0,0.02,0,0,1,980,1377676,8972284,5414671,6065895,27207697,16549,49177144
9672,JB-085847-00,8.4,9503.9591,9830.0,NJ,1966.0,2,30,,0.17263900000000001,193.2183,998504259.0,0.035,49601.0,1.11e-16,0,0,1,1002,1289639,8859519,6129205,5257819,27783549,12717,49979528
9673,JB-0807660-00,13.72,13139.0064,17332.0,NJ,1699.0,4,49,,0.191661,328.6214,9991416.0,0.035,49601.0,0.16795918399999998,0,0,1,1002,1289639,8859519,6129205,5257819,27783549,12717,49979528
9674,JB-0807645-00,5.6,5422.5147,8778.0,NJ,1904.0,1,20,,0.176468,180.885,998504259.0,0.035,49601.0,0.25,0,0,1,1002,1289639,8859519,6129205,5257819,27783549,12717,49979528
9675,JB-0807548-00,13.72,15152.1628,15403.0,NJ,2271.0,2,49,,0.191934,298.1611,9991416.0,0.035,49601.0,0.047647059000000005,0,0,1,1002,1289639,8859519,6129205,5257819,27783549,12717,49979528
9676,JB-0807486-00,5.6,4663.6084,18923.0,NJ,1992.0,2,20,,0.19123900000000002,301.5677,9991416.0,0.035,40003.0,0.31,1,0,1,1002,1289639,8859519,6129205,5257819,27783549,12717,49979528
9677,JB-0807330-00,5.355,6696.9931,6739.0,NJ,1681.0,1,17,,0.19099000000000002,159.0552,9991416.0,0.035,49601.0,0.07,1,1,1,1002,1289639,8859519,6129205,5257819,27783549,12717,49979528
9678,JB-0807273-00,7.875,7051.1699,12652.0,NJ,2248.0,1,25,,0.172324,233.4856,998504259.0,0.035,49601.0,0.34,1,1,1,1002,1289639,8859519,6129205,5257819,27783549,12717,49979528
9679,JB-0807249-00,5.985,6724.4909,8795.0,NJ,1697.0,2,19,,0.190808,191.6448,9991416.0,0.035,49601.0,0.045263158,0,0,1,1002,1289639,8859519,6129205,5257819,27783549,12717,49979528
9680,JB-076995-00,16.52,14636.1486,20558.0,NJ,2773.0,5,59,,0.183495,366.1554,9991427.0,0.035,49601.0,0.246949153,0,0,1,1002,1289639,8859519,6129205,5257819,27783549,12717,49979528
9681,JB-0703109-00,4.16,4137.2911,10676.0,NJ,1508.0,1,16,,0.172198,204.9973,998504259.0,0.035,49601.0,0.01,0,0,1,1002,1289639,8859519,6129205,5257819,27783549,12717,49979528
9682,JB-0702709-00,2.6,2540.4003,2676.0,NJ,,1,10,,0.18,91.9384,40310.0,0.035,49601.0,0.0,0,0,1,1002,1289639,8859519,6129205,5257819,27783549,12717,49979528
9683,JB-0651484-00,7.56,7421.8137,8091.0,CT,897.0,2,24,,0.225623,203.9247,999467.0,0.054000000000000006,49601.0,0.05,0,0,1,994,800861,9855981,6130884,5974726,23119290,22457,46118246
9684,JB-0643849-00,9.62,7746.7308,12840.0,CT,1894.0,2,37,,0.24399099999999999,332.1184,40356.0,0.054000000000000006,49601.0,0.3325,0,0,1,994,800861,9855981,6130884,5974726,23119290,22457,46118246
9685,JB-0633336-00,5.88,6528.1636,6715.0,CT,2326.0,1,21,,0.191145,158.7602,999454.0,0.054000000000000006,49601.0,0.06,0,0,1,994,800861,9855981,6130884,5974726,23119290,22457,46118246
9686,JB-0633274-00,16.64,13396.7627,14105.0,CT,2683.0,3,64,,0.182671,266.5125,999454.0,0.054000000000000006,49601.0,0.2559375,0,0,1,994,800861,9855981,6130884,5974726,23119290,22457,46118246
9687,JB-0621226-00,10.66,11371.2521,18432.0,CT,1460.0,3,41,,0.17519400000000002,320.8958,998504469.0,0.054000000000000006,49601.0,0.054634145999999995,1,1,1,994,800861,9855981,6130884,5974726,23119290,22457,46118246
9688,JB-0604914-00,9.52,10004.1711,10831.0,CT,1181.0,2,34,,0.177368,211.8877,999454.0,0.054000000000000006,49601.0,0.0,0,1,1,994,800861,9855981,6130884,5974726,23119290,22457,46118246
9689,JB-0604898-00,5.6,7027.4946,6177.0,CT,2609.0,1,20,,0.19883,154.1461,999454.0,0.054000000000000006,49601.0,0.04,0,0,1,994,800861,9855981,6130884,5974726,23119290,22457,46118246
9690,JB-0604874-00,3.15,3751.1577,8785.0,CT,1289.0,1,10,,0.189604,190.6046,999454.0,0.054000000000000006,49601.0,0.15,0,0,1,994,800861,9855981,6130884,5974726,23119290,22457,46118246
9691,JB-057339-00,7.875,7970.5429,8530.0,VT,4333.0,2,25,,0.182545,181.5574,998504368.0,0.028999999999999998,49601.0,0.166923077,0,0,1,950,678899,6315893,3821598,3795436,26967757,17827,41579584
9692,JB-056270-00,11.025,10995.8423,11589.0,VT,1026.0,2,35,,0.174808,220.6197,998504368.0,0.028999999999999998,49601.0,0.035714286,0,1,1,950,678899,6315893,3821598,3795436,26967757,17827,41579584
9693,JB-0542245-00,12.04,11818.5947,11903.0,VT,2603.0,5,43,,0.176896,227.2644,998504368.0,0.028999999999999998,49601.0,0.08425,0,0,1,950,678899,6315893,3821598,3795436,26967757,17827,41579584
9694,JB-0302090-00,5.04,6474.2497,6759.0,NH,,1,18,,0.203674,166.5176,998504353.0,0.048,49601.0,0.01,0,0,1,978,521830,7564672,4422582,4488593,22460574,7687,39458252
9695,JB-0301992-00,8.32,8501.2924,11059.0,NH,1748.0,2,32,,0.189616,226.545,998504353.0,0.048,49601.0,0.0,0,0,1,978,521830,7564672,4422582,4488593,22460574,7687,39458252
9696,JB-029462-00,7.54,8175.2938,9390.0,RI,3122.0,3,29,,0.176103,189.5987,998504358.0,0.0372,49601.0,0.006896551999999999,0,0,1,995,973383,12819334,8673151,8080802,32349153,7569,62895825
9697,JB-0281737-00,6.9,7708.641,11144.0,RI,1528.0,3,23,,0.178232,217.3169,998504358.0,0.0372,49601.0,0.102608696,0,0,1,995,973383,12819334,8673151,8080802,32349153,7569,62895825
9698,JB-0281651-00,5.46,7365.1763,17095.0,RI,1494.0,1,21,,0.175834,302.2888,998504358.0,0.0372,49601.0,0.01,0,1,1,995,973383,12819334,8673151,8080802,32349153,7569,62895825
9699,JB-0281621-00,4.725,5376.2945,7880.0,RI,1649.0,1,15,,0.17691700000000002,167.9736,998504358.0,0.0372,49601.0,0.09,0,0,1,995,973383,12819334,8673151,8080802,32349153,7569,62895825
9700,JB-0263237-00,1.68,1591.8313,4192.0,MA,1349.0,1,6,,0.205929,129.8059,998504535.0,0.04,90398.0,0.29,0,0,1,979,629193,9109806,5364903,4973756,26668790,14817,46894852
9701,JB-0251517-00,2.52,3188.2772,2814.0,MA,2496.0,1,9,,0.199506,98.5826,9991196.0,0.04,49601.0,0.07,0,0,1,979,629193,9109806,5364903,4973756,26668790,14817,46894852
9702,JB-0235577-00,10.8,9032.9746,9120.0,MA,1393.0,4,36,,0.15540199999999998,169.9039,998504511.0,0.04,49601.0,0.146774194,0,0,1,979,629193,9109806,5364903,4973756,26668790,14817,46894852
9703,JB-0235548-00,3.36,3109.7885,3116.0,MA,1460.0,1,12,,0.19258499999999998,101.8063,9991205.0,0.04,49601.0,0.31,0,0,1,979,629193,9109806,5364903,4973756,26668790,14817,46894852
9704,JB-0216411-00,4.2,4917.8054,5021.0,MA,1480.0,1,14,,0.202045,136.3374,9991205.0,0.04,49601.0,0.055999999999999994,0,0,1,979,629193,9109806,5364903,4973756,26668790,14817,46894852
9705,JB-0184318-00,1.96,2494.7855,2485.0,MA,1140.0,1,7,,0.213916,96.0968,9991205.0,0.04,49601.0,0.16,0,0,1,979,629193,9109806,5364903,4973756,26668790,14817,46894852
9706,JB-0184131-00,3.64,2660.3554,8113.0,MA,2138.0,1,14,,0.201395,194.0279,9991205.0,0.04,90398.0,0.39,1,0,1,979,629193,9109806,5364903,4973756,26668790,14817,46894852
9707,JB-0173815-00,3.0,3061.9107,3214.0,MA,1779.0,1,10,,0.226991,112.5942,9991181.0,0.04,49601.0,0.22,0,0,1,979,629193,9109806,5364903,4973756,26668790,14817,46894852
9708,JB-0142845-00,6.76,6560.4735,9528.0,MA,1645.0,2,26,,0.24156,243.5973,9991201.0,0.04,49601.0,0.118461538,0,0,1,979,629193,9109806,5364903,4973756,26668790,14817,46894852
9709,JB-013695-00,3.36,2772.6838,2942.0,MA,1217.0,1,12,,0.203692,49.9384,998504574.0,0.04,40003.0,0.28,0,0,1,979,629193,9109806,5364903,4973756,26668790,14817,46894852
9710,JB-0121278-00,9.8,12297.4563,12863.0,MA,2357.0,1,35,,0.193446,259.1562,9991205.0,0.04,49601.0,0.05,0,0,1,979,629193,9109806,5364903,4973756,26668790,14817,46894852
9711,JB-0102589-00,11.44,9683.5671,9960.0,MA,2259.0,3,44,,0.190693,210.0732,9991213.0,0.04,49601.0,0.237272727,0,0,1,979,629193,9109806,5364903,4973756,26668790,14817,46894852
9712,JB-0102549-00,5.72,5695.4319,5777.0,MA,2424.0,1,22,,0.193102,144.761,9991213.0,0.04,49601.0,0.07,0,0,1,979,629193,9109806,5364903,4973756,26668790,14817,46894852
9713,JB-9723546-00,8.06,9055.5381,11750.0,OR,2060.0,1,31,,0.114468,162.3406,20004.0,0.038,20400.0,0.03,0,0,1,924,6238761,23644489,12752183,18686293,40394672,16291,102536694
